"Id","Predicted"
3016,261163.892870583
5492,256700.746845412
2757,72846.3341761268
1397,207283.975721573
510,63864.4518094683
4985,379683.903072853
2071,234291.575038866
1130,185390.350084043
4438,151104.517916763
2126,216762.4673863
5663,255227.169095704
5579,357683.935159958
1367,385922.774083358
1550,200377.931454802
1444,131351.303290021
1594,239601.029261951
5351,237685.617438802
581,153489.89108477
3968,375512.428171521
5679,313371.302766136
436,283726.321147008
3441,399985.256937378
155,281288.683083776
1822,158193.445261973
1303,120824.798811392
3683,196578.945683011
4141,230926.180845173
4420,462304.149278052
21,-34288.3546359511
5769,301158.525994169
5717,305888.830208029
2423,242095.41393023
2556,279557.920686146
3789,289752.342566703
1484,154670.209931167
504,335616.30133293
5537,222965.003076768
3140,335791.045236852
2766,416584.136662307
2247,92173.4905113571
3104,225119.177898037
5618,331117.698806567
4087,282001.293449053
5851,276842.011974035
5140,267498.026409612
1999,218411.263670061
3938,457128.726058639
4751,219854.649323893
81,150321.071639801
3181,240712.247956189
4108,157330.29700986
4840,152872.247352345
2488,155173.216339974
216,187538.160729124
5076,278461.793229993
3581,390813.957557379
1464,342469.504353405
973,93995.1418403441
5108,311322.745549308
4220,224042.459557742
2277,205386.179495126
99,264915.42585567
3788,354236.299318809
3217,283824.83115895
2647,175083.612919243
1319,123282.948288677
3231,98094.4791780924
5173,323425.944491019
466,150662.053259814
1451,69217.2019528295
83,66969.9770581194
5244,318920.237323428
819,256411.346283409
2981,104206.782517083
5486,282731.477556824
3816,394655.849665553
4684,180313.207543205
2737,339769.646235677
3596,400679.163506868
3762,240570.443871026
3801,251216.879781401
3800,261049.47769054
223,288543.912070499
2160,241869.509304492
4491,145600.137992928
5832,371822.086766708
2031,142195.113652344
4277,268625.785382055
4687,229687.247233032
172,251342.724415548
2814,193845.149135704
4579,233374.471448959
5026,271675.425767404
770,222286.256425992
1371,106716.89571706
389,97989.6770452152
3175,254723.042072588
5100,166593.077227383
1911,-1386.70486517579
5320,286103.013240239
2866,257423.755854543
3479,136731.275901168
649,185145.495794581
2845,254965.606377259
5343,172361.850234799
1547,299316.925450659
3773,144852.543702624
3956,252249.964888001
3815,382365.102279129
1621,227338.474726242
4066,124494.216235558
5644,165535.889676971
1485,222926.504965995
4896,139719.157383298
2693,255865.375713589
3785,407849.433499933
1292,104846.82720904
3431,209684.83700463
3311,115585.761048559
5831,338593.791308361
5807,258326.312342366
3476,102820.172187575
5008,115236.019631975
5086,282726.632263357
1456,190303.009358921
2566,226769.294347204
2832,238987.634774907
1684,141164.019053747
1897,136208.138176195
4362,62453.4645721087
5179,241390.041086943
2591,225805.689195488
2700,254546.91242739
1156,186381.362409884
1478,80919.8683699885
4719,192603.954929629
3669,110300.446219654
3138,130712.482837227
5234,300315.124583613
5723,275863.802071776
1789,134628.413427093
2169,199544.954893477
3667,373708.66630852
1325,125741.097765961
1153,66012.233105943
1245,109763.12616361
3283,185642.629425337
5229,294168.612008427
2062,168772.862540714
1161,367565.862535644
5215,256142.458302389
2098,403017.783739117
75,285405.420785611
3517,360149.471188004
501,45184.6712456043
5709,365035.719304119
709,69527.5701336397
633,261344.690054086
1762,316972.170217519
5870,174978.738112421
4742,232145.396710317
265,-3677.28366376064
5004,323961.112660171
2657,221114.647798416
1022,49109.0322047413
3327,327428.015266858
2964,245774.002237497
3715,284195.049842756
3998,245724.78174206
3692,123000.748413334
4952,394167.212294524
2602,223971.966332808
2810,89404.9728532622
5570,199498.985583545
2171,404299.771277872
1715,-10684.1346051622
2485,192740.103209416
5098,305577.904380648
804,172782.296813925
4629,228458.17249439
4676,191374.880190986
3322,88606.4434930194
5779,211169.830764258
902,129963.320884748
2352,124076.298456402
1914,42369.1955402752
3898,244310.580887066
5677,444242.49881202
2327,194089.677173083
663,63970.2774096927
4272,417668.347562403
416,227537.377458418
5398,71797.4251102183
1082,159779.158636539
1315,123282.948288677
2227,76994.9394227116
726,344484.217587009
3384,192398.212111603
1317,110992.200902253
1467,346674.432385489
3400,133593.279950793
1499,143792.677034716
5481,238264.625765776
1030,139260.750624734
4605,185229.506497774
3126,121665.073153765
513,189750.344231775
1385,106716.89571706
2225,142941.933021945
2320,104320.043441482
4827,443208.141988323
3771,105839.146293753
4502,264571.752421121
3566,54014.8908869583
1126,10635.8886290308
49,177050.486908143
1848,89345.1223502659
5449,303362.972381345
4127,117290.880071232
1063,-22168.9387368625
5432,310915.44122705
137,172705.601252012
2767,296692.000013934
2365,177444.046049434
121,318255.93826269
5187,224069.059892594
1208,125741.097765961
4262,288840.573711755
5784,226705.140092808
2427,373712.326988526
2419,69429.8850457705
1432,154326.953372137
1788,214590.021003195
153,47907.2352361637
996,193221.345308406
4544,216167.425107966
4480,206887.587876181
1881,161523.121441515
144,192363.147587277
2742,235038.27138207
2152,196924.427336164
1399,227820.640933743
2685,179411.830904548
2736,191255.457346138
931,303874.678818464
3575,227509.731714817
2229,169156.10151149
4299,453705.894926293
1809,218855.030581259
88,71886.276012689
837,176532.899981793
2051,233801.154303148
4554,239519.845142171
2801,84022.9050664241
4223,158650.819007672
1815,95858.8283463748
4088,439097.786288477
5172,219601.466746524
2149,175399.531002741
870,141315.337291447
220,192416.06038739
643,323537.034229976
432,256686.676896875
3361,284423.558233069
1344,113450.350379537
1480,160815.583624379
123,242512.205957272
3295,205759.466753312
1248,107304.976686325
5733,226407.40288246
4170,291455.036765726
5879,318649.462237857
1183,375581.304736876
1839,35825.3707445327
5265,286546.71538611
4208,155038.721359445
4749,226000.023017105
4940,276538.811921862
1595,198560.775746895
4058,301704.888563637
5024,376840.946508399
3702,146639.432304221
712,268292.664500673
5045,177013.756105787
1701,310185.80275493
2800,136856.069648456
4586,227229.097755747
2560,228824.886335437
942,195103.796216974
5464,362957.493068569
5423,288761.95300752
1829,351534.188719261
5843,265704.281125957
386,79999.2754312468
2663,231000.403354576
2888,125246.471769468
4869,290439.867134204
5411,214308.567106159
1271,117137.574595465
2107,258143.326439537
3319,149451.143396975
5388,312036.402427269
4185,238539.065557353
889,308660.886887227
3766,189845.491020534
4890,150780.830031079
5522,357608.358072152
3191,250810.315452254
1558,179294.249511251
4864,221222.528910128
2984,169353.600907764
5684,312142.228027493
1967,226923.385582603
6,-34929.3484053284
2310,236485.208406171
3045,158001.584501066
4559,239519.845142171
112,112603.918145406
5641,210462.944673168
2719,103658.294643057
509,255734.484530027
2897,235032.012406479
3355,106864.038410646
3391,129084.166002833
2108,131186.353804674
5624,307364.74624781
4092,266023.321846702
36,-18898.4640028649
4285,349463.223760266
1459,188997.876419982
57,261677.594624066
2722,303425.454676411
2083,196125.225502584
908,133650.545100675
5458,443207.352574403
285,180857.708028298
5599,328112.882933103
2003,210850.820497498
122,236366.83226406
4741,230916.321971675
2959,240857.703282927
2754,145981.781466506
508,121148.146513802
4030,427395.119871318
806,133299.895090215
4966,169586.39487382
5009,206993.5827427
1163,159832.071436652
5401,313373.058711685
4678,234603.546187602
2770,162812.057855411
18,7009.39629221503
2559,372952.707980077
3711,383856.019696349
3365,103936.007431512
2321,42209.0200629283
5005,351558.427596915
2140,314493.509326181
3054,195805.164188632
1221,118366.649334107
3996,233331.417522345
4879,311543.364067923
1776,134628.413427093
2322,245637.217565372
5872,181801.379438997
415,94943.4465986653
2537,217600.835607626
3709,278049.676149544
5479,121110.618239616
5377,172963.991300463
3986,237509.613729605
727,199678.47213401
2447,198394.749758204
3553,376634.304102686
1616,58723.7678284219
1414,186164.202760246
1046,212718.051600434
3674,329229.813102892
3342,196221.322512459
1106,193300.81181307
4129,243216.928231597
989,98543.1084920169
815,112703.361743642
4388,163107.076360789
2450,212245.336670857
9,42923.6504544241
3303,272241.137244588
915,372673.727043862
2266,239531.438852721
972,114025.493848198
3811,237885.969568492
52,320876.455960997
1682,87202.3923757657
4504,433669.463535267
1446,230303.599521964
4190,241399.772523689
4310,284603.667822867
3880,391609.619219004
921,71450.5514417716
3133,195821.043243949
392,162982.037710032
5450,316355.560097576
3874,285686.263758309
4799,226641.016786482
1768,171652.665673518
4733,196291.179145556
4598,223541.87353982
5416,283659.659312242
74,281718.196569684
3988,333634.048766794
4360,270986.274625793
213,-26649.5131205147
3389,202230.810020743
2405,109486.362452575
2491,271096.438784799
2267,146550.329929907
2283,13732.4106823395
328,299242.548794372
2236,257220.911479734
741,173433.756735131
4498,290816.467819999
518,347880.581070565
888,83544.1915717838
3447,271157.483086731
4395,257206.376631557
3987,357692.864658701
1391,208705.126788425
5218,292051.702199269
4240,143940.774847676
3430,34884.8632378326
5725,334216.842053229
4014,123853.222466181
5210,446572.562526389
3014,250102.220222801
1018,153711.910278095
4267,231537.937550757
728,403175.009596878
3655,151954.330667998
598,324092.507158891
5665,236831.376491114
3545,185603.735395883
1743,165827.699605452
5489,148275.930535865
70,286634.495524253
2806,309850.750242057
2739,148202.536152468
5774,314934.725581149
308,163517.205879184
3726,221267.004196763
1113,76999.5757828201
3343,210634.67411791
2414,318563.441514127
489,100723.53400859
5330,369535.398185996
4081,257913.286162717
4027,367655.553453647
318,139573.184523977
4015,51233.0535239903
5842,229804.28333947
1396,161755.052744783
2316,199178.820359511
4346,137987.890838396
3149,162759.485238572
3928,312137.827039177
863,79413.0808428912
2834,248820.232684047
4042,141157.051103799
635,163887.424562991
5331,337249.255684384
3369,186289.872163187
2925,258766.589953728
2053,188109.783301352
2042,181481.623902965
309,110410.161751703
754,232118.854335131
4461,371692.394656054
478,-6772.66610178724
3544,472248.783872426
5806,298343.272650201
2298,159930.776894207
1946,52842.7872187918
3088,43171.0805246353
4471,247703.884617238
4591,217396.499846608
3256,384453.033072608
4009,158477.79805139
1213,107304.976686325
1388,206926.459538361
752,173433.756735131
1638,215405.24352303
377,153737.520770157
4370,261497.716978872
1038,129428.152715595
3338,178756.658452179
1160,196949.547571154
5052,190427.530171083
3064,247787.453233631
4612,229687.247233032
2774,254115.386231083
1963,91856.1846276629
5186,182660.235493833
4708,224770.948278463
1823,353104.50312603
3527,218341.272975239
1923,232427.765506437
3152,159072.261022644
1609,103882.538930505
5626,309822.895725095
2167,439240.366235154
1091,115280.485609045
2056,347685.644838673
1607,90805.3790792401
1096,71073.9507559763
4430,354732.189616199
5606,260440.883861451
3100,238148.646746203
608,180114.298597496
1771,218277.245219122
5551,247509.14270565
2533,159501.434325279
2329,195318.751911726
2370,63872.5923218236
4479,300879.467711537
1718,151194.465998709
3385,184313.951176126
5418,281387.504575666
1901,189315.182303676
4441,237230.292938722
4000,57378.4272172024
5587,358249.35184153
4258,345643.405477374
2782,188287.856411758
4518,301290.059498516
2781,154988.903615057
1042,169652.84813565
1186,156785.840990102
5484,229661.102595279
1071,-11107.2660890808
3830,107895.209542482
1772,202176.893433827
1774,80100.6054103917
375,265237.287267259
846,270572.162177853
828,177761.974720436
5221,254619.198053922
2130,360049.608988956
1108,77189.057342877
491,86838.5556939484
875,135467.700808582
1567,238308.746116067
557,168411.632180337
4709,235832.620926244
37,6421.31532294995
1001,323592.787436854
5428,71797.4251102183
589,115987.023148997
2680,150805.405259431
5396,229020.108825902
284,124183.293890891
4932,267310.86213676
3329,199053.037261911
4137,126364.284743578
4516,291457.461589377
1264,115908.499856822
3471,113062.32490397
2182,116596.417800848
4298,300822.37338114
5258,323527.588560958
2764,228475.318956242
1997,164194.999009939
2363,229202.161232272
2026,63957.3726666857
1675,244507.032609392
62,280489.121831041
3925,388391.25652721
3757,446075.719304715
5414,233936.407780471
1212,112221.275640895
1347,120824.798811392
3681,103969.077785734
914,39811.6024647549
2366,131702.202471233
2633,128081.221932548
5759,310991.123903308
2251,150686.259954333
1973,196339.986046591
5698,361348.495088192
1431,92126.9597132339
2938,240857.703282927
4179,148177.227329155
1540,254673.964509068
4122,223551.732413318
3836,94189.3926767065
4356,272082.444811929
5246,432101.029302088
2939,255606.600146636
4791,266484.941788464
4411,144318.150454173
1454,88439.7354973067
3219,420027.053441452
1990,47338.407294957
178,134472.430457014
3374,192435.245856399
1746,167056.774344095
5852,174978.738112421
2437,63982.0530480739
2418,99653.764543436
5066,181378.247955079
5409,289991.027746162
5884,244737.671483054
360,286363.720438682
69,279260.047092399
1000,369812.531729459
5694,287677.604643475
402,56278.5230941441
3300,220866.441084157
5878,228280.766120729
1831,345388.815026049
4625,193833.029668271
5390,252742.772570227
176,326748.214161872
568,-22539.1574206689
5134,487419.869953782
5577,183671.934991906
4038,356593.880805865
4374,72286.062481248
4597,234603.546187602
2380,298779.930807412
3019,253262.210029893
1122,352340.131973985
1144,158753.263322962
3032,248345.911075323
4378,309172.163658742
1935,194595.281932915
4564,234603.546187602
5776,235010.926052956
5848,176207.812851063
2237,199918.275318736
3372,100248.783215585
4429,412381.040510108
445,256686.676896875
522,364326.873329361
4779,299269.610756814
3863,281789.813165584
4726,233374.471448959
3473,120960.591098739
3316,180732.57943924
5809,302030.496866129
4383,219378.732476614
5213,295398.825629043
1458,99501.4081450884
4532,379148.768805053
2282,145181.880030498
5092,302720.361260785
4484,341992.049245452
600,164839.306206925
5208,321657.520052938
1316,124512.023027319
5220,174020.438459349
1561,210533.514613804
3755,284874.442908438
5297,198720.344977497
1509,331509.586797759
2478,102607.489094635
2521,152569.648167226
4113,402920.163989537
5312,427012.308100513
1882,198167.607906327
1228,114679.42511818
3943,411953.200645942
1810,225000.404274471
4064,122795.259995067
5269,138106.18429714
5516,362369.412099304
3275,300469.19689001
3922,220290.501331563
790,217369.957471422
1453,239523.307350902
3543,281042.993795982
2175,339373.619318307
3787,267628.99727114
4226,375896.040700234
4495,498000.229498794
3381,209526.628940428
3171,273560.465857232
5206,280321.395586185
5124,446466.023635321
1348,123282.948288677
4977,220430.273404844
523,365555.948068004
5748,289910.251716354
4006,165852.246483245
2211,119498.453791098
2226,232809.918943536
2629,291455.541172568
3096,273298.326680321
4691,229687.247233032
1239,106075.901947683
458,270206.499021941
3268,245681.459710871
1102,104218.812961263
909,240316.251668652
1601,203211.605114538
479,139127.962899733
1608,280292.723401758
1996,178943.895873648
4918,227420.815403453
2075,158437.309071983
4320,293207.190993364
1356,153298.275847504
3725,227412.377889975
856,80642.1555815336
2254,119107.08670172
2753,149669.005682434
3331,197823.962523269
5164,298445.056075593
2342,151968.247493088
2115,230716.435398754
4681,227229.097755747
5175,387367.450987028
4560,232145.396710317
4476,275711.445673428
4758,229687.247233032
4004,224727.894351849
260,40334.3027753881
397,61194.8220487138
5219,98625.5890768816
4703,235832.620926244
2914,244335.701122056
2664,456282.463090801
1413,135249.838523124
5018,292834.850551534
2185,294235.677010743
4895,176801.882445792
3920,293492.479582743
2622,323638.478869034
792,239493.302766985
495,330753.628469316
4615,219854.649323893
1766,342630.911447513
2173,212238.259768954
2546,370285.034418267
3222,354834.646692806
4922,304243.004041781
158,70150.3006253682
4332,299314.165390272
4440,152333.592655405
1570,135830.147633596
4273,233996.087028041
334,383785.857682908
1506,175968.78143934
1949,249085.13017447
3511,352120.48918211
5511,121994.15467584
2586,151915.674876249
1060,267741.967542667
3038,118956.903619956
4828,268470.456920518
4851,139078.16361392
1211,120824.798811392
1624,102623.197085551
1801,205864.117649754
3564,134326.039223996
1612,47662.0951806402
2625,237345.50285901
4493,463890.932261774
2785,370117.957816997
4112,253540.498132069
573,129506.845274063
2174,299151.975965313
2968,259293.824362563
450,267748.349544656
4930,361186.597959961
904,186757.589228156
3831,123812.85445024
1369,94532.1963904065
4056,331294.214177946
1917,178253.509655895
5427,284548.633264731
56,64314.7203244227
3528,117390.542889275
2260,188080.802066389
4132,208248.267973404
1697,314393.42808785
723,218765.882590152
1650,284620.941387062
2131,355133.310034386
2679,246752.872552521
4268,410293.899130549
813,132368.55756192
2561,346214.44252899
3805,280128.971034362
1603,102653.464191863
2831,248292.998275211
4059,215612.348412383
5583,355265.106837383
3599,212946.113484412
832,177761.974720436
1240,108534.051424968
5069,384856.388709631
559,175259.98508533
650,190061.794749151
1262,113450.350379537
1080,95159.8592826541
5109,83823.7794130605
2150,147805.319176403
4204,211310.37747527
2525,166875.882757133
1155,70485.8697867111
3779,423496.415371921
2516,106044.540720692
5287,310957.707922309
189,319537.925801445
1931,337870.51128253
1536,204065.15567073
700,152087.404320991
5048,154890.410810224
1405,128252.160043359
1758,306764.166181041
3244,211263.846677147
161,93097.2898104852
2401,115886.477595353
2351,137219.350629379
3749,126859.08489679
1253,115908.499856822
1628,122425.862382875
3931,420367.50369566
5368,170580.968390879
2315,127373.984485929
129,-35305.9490911238
520,157048.144300289
3682,263471.281522485
5323,161257.908237383
2081,12238.9428601152
1711,212597.572312231
1440,130974.533337931
1883,119475.57534545
1336,120824.798811392
4351,413557.202448638
4426,313797.967022055
3722,249346.811273381
45,66328.9832887421
4324,96964.8480376854
2585,323520.163980597
3029,269767.41604108
4318,55667.0971095193
3624,239212.398131976
5749,242645.756551192
3926,257415.166274725
5547,126667.910963563
528,142940.241205958
1449,112981.074532097
4345,308126.914937567
3877,226236.215951445
4235,260967.859364035
288,146747.973882502
5708,360119.42034955
2858,234071.335820338
3609,368151.373584573
193,318308.851062802
3435,184770.453665628
2829,243376.699320641
652,71147.6185851353
5027,301289.357350173
506,420117.662854289
1654,294685.103896419
4,363109.449411446
3889,453503.080536682
2059,224084.003018042
3781,294668.641521273
2183,233756.406869713
5790,496923.5111585
883,228484.542919316
4669,188916.730713702
4990,353881.114469328
2630,134226.59562576
5628,235859.389088603
4290,347005.074282981
3121,153514.968298697
3416,105806.075939532
4400,153041.097331251
551,125621.772022313
4337,299314.165390272
503,124088.722277107
5584,365468.555345966
4642,235832.620926244
2918,135540.72596474
4690,224770.948278463
3306,329523.693066948
4745,218625.57458525
2170,271236.306793393
3486,204778.906042936
5329,292959.287578255
486,254864.965661072
4850,183535.337108269
1643,156890.928449646
2272,360086.679263235
3600,233504.838783075
1565,177397.515251311
1980,53483.7809881691
1688,160598.681939145
5713,362051.474299973
1524,58082.7740590446
5162,277624.809828575
5565,250820.32159823
3590,421573.434063789
3081,159019.348222532
1731,149965.391260067
1128,178015.901652189
2527,171494.444501355
330,315956.527185742
4710,234603.546187602
4688,229687.247233032
2717,149880.316699609
538,256898.157180344
2846,246362.083206762
435,262832.050590087
2113,28857.9082318438
5553,258865.000863255
3588,284142.137042644
222,175888.496273617
1722,271847.767714618
3233,96865.40443945
5726,227636.477621102
2326,180493.796847721
1750,168285.849082737
1533,102012.470422485
2032,135672.970007042
5317,287332.087978881
2186,220841.78293945
3011,235939.025833549
141,98601.6697343199
5581,282120.311919528
3034,200820.315583335
4974,289355.106453629
3225,295434.989795436
2891,262810.221497997
4214,276819.899262559
28,312861.013759766
4241,228520.944168
5434,285946.699663553
2617,156309.785183265
362,379510.552497716
370,364235.153358712
4195,120390.023317895
855,220047.870128906
757,229660.704857846
317,144410.853966377
711,300908.294821595
3482,190327.746389575
414,75158.5306867456
2816,378667.854896539
4178,153274.965496539
4373,142764.612909146
558,159808.10900984
4893,147410.136778145
799,228431.630119204
953,131833.389392767
246,91921.127871955
1138,69256.7950480687
515,245195.490763185
5710,346599.598224483
3638,287241.280289306
2942,276500.870703557
447,264767.521186431
614,58412.9846857458
5614,282597.256734253
1327,107304.976686325
3470,157519.498398319
2215,318460.655414543
3304,424267.225083998
5369,233517.260434936
5264,339505.56016331
4477,205658.513137539
1168,103005.41959802
5589,360707.501318815
3729,154646.28890805
3594,395018.885589463
2397,185900.822946714
4795,226641.016786482
1352,113450.350379537
1450,97043.2586678035
203,150532.551923271
5063,301376.388279627
2324,245768.12464235
5865,276765.953773739
4826,259565.492385278
2634,220301.309271653
5373,317470.875475676
2269,173703.909033395
2592,93003.0289227163
905,43498.8266806821
3194,248352.16597497
4578,188916.730713702
986,83794.2116283079
1466,155740.519390655
2118,250381.631217033
1575,353780.857913076
4778,96883.7028188492
1452,157716.440377717
4082,362151.173529812
3261,472683.566177071
5383,323955.508780795
1085,305487.366085819
368,366693.302835997
2514,216733.517012999
2844,241445.784252192
2804,163155.31441444
3562,126635.059829149
5138,275993.17760088
2368,180343.530222767
1767,329111.089322447
2133,257075.49089895
2902,426469.647371558
4954,187945.128790686
756,184495.429382913
4008,217353.445919994
234,291174.193793028
4967,76984.4991503589
5311,291461.375194516
2262,86028.1168181451
2655,229529.259056755
4131,91354.6425136263
5488,172414.763034912
4540,237061.695664887
2519,105118.551372032
512,56490.0033776138
5742,281143.875792221
3069,224289.272216502
5088,182571.048829734
3659,272701.609802395
3463,219291.110088519
3068,239965.802454111
3672,138274.601921931
2369,259798.033459816
5339,292910.556308428
4355,310924.324026758
1512,319218.839411334
5758,365496.825678005
4446,298778.997221119
798,174662.831473773
4620,221083.724062535
3884,96302.0038515731
4427,235018.268655171
3185,234642.932463273
2987,249315.208483867
340,20899.4371010879
3169,284897.351124634
5470,291783.125639725
669,24956.8800008215
3326,146992.99391969
4437,213323.30532831
892,292682.915284876
2438,320298.047417275
3806,269067.29838658
1438,103188.632361016
4882,283976.485408954
5270,305871.278425586
2094,195804.817877438
425,259144.82637416
3613,104743.153495707
4242,248186.139986279
2903,187111.694473227
1993,136261.050976307
5541,283712.572112354
1502,122898.406477795
5193,281675.834719171
5600,330044.936883526
2850,247591.157945404
3006,263412.81597107
1152,144678.873621691
3733,269254.076650838
1780,142300.599069295
5545,280024.741007103
1886,331773.97988134
3878,151008.560846314
4671,218625.57458525
3976,206729.587616524
3664,223084.159904671
3177,450507.308081396
574,256305.520683184
3246,227163.188767329
5165,278853.884567217
4391,459205.00603139
923,167651.237315349
3572,273467.711185512
2889,142347.470050691
877,302004.610310444
1412,176066.135264181
2565,224311.144869919
5654,485220.844741341
3611,403831.932844485
2520,227622.844903395
1489,215714.909287776
1694,312643.952232215
100,266144.500594313
4761,218625.57458525
4508,228125.114992132
5231,328983.237214966
1149,111791.592888693
2489,241567.895244091
3453,359910.886337986
4835,247765.098275755
5305,140207.575534521
5526,367906.617883073
966,170750.380562011
55,303669.409620004
3698,286653.199320041
4021,267878.876850914
5525,298569.493102315
903,274382.256810112
1418,134801.132714624
4371,337615.47398793
3536,258919.648500419
217,181967.869068204
1267,103617.752470398
2728,192001.746379605
5517,312089.315227381
4233,451835.826418274
3924,271080.749382715
4106,379530.352116049
4800,221724.717831913
1796,190491.344242206
4908,398116.279189029
668,151008.596207302
1852,130650.845452248
3823,256375.248295149
3108,155973.117775982
4644,234603.546187602
1837,342930.665548764
1539,237118.070673729
5598,246394.966209523
1710,197715.770896016
2383,74408.1694427435
3647,401320.157276245
1357,122792.58087757
194,308476.253153663
5459,120124.086167821
1841,248901.310297381
2314,358269.523555327
5047,234963.074877935
5145,292299.682382381
935,321774.258521694
1623,231575.29145359
2035,91122.6849629342
2487,201732.329285191
623,268239.751700561
3541,260828.205466282
323,189422.742740952
831,178991.049459078
5575,182261.42104045
2129,187453.58557104
1948,157445.665292146
3199,255726.614406824
4483,231171.345438682
4550,224770.948278463
2384,188585.297249249
2725,146193.092483682
3001,244427.102380012
4229,254822.485670823
1312,109763.12616361
2074,155979.159594698
3706,403190.225784265
1029,90580.5790908973
943,228666.498051606
1381,39540.827379184
5859,173749.663373778
3153,265399.005686443
3272,143894.244049553
247,60448.002679112
3939,486626.519786057
4211,203226.116539793
5682,367493.868781404
3777,287294.193089419
2548,259408.285871448
440,257915.751635517
2708,336268.094069655
3076,281470.082458239
543,255669.082441702
896,139498.181583539
2505,190481.61280546
3634,385673.175404257
2286,201012.543222191
2125,227824.140034081
2378,223188.801317866
4449,396135.923642871
2721,237504.070342368
1370,188944.96361987
4096,284668.669303136
1957,154987.515814861
3214,276450.382727096
1003,147407.771305729
429,270912.894879643
2029,399277.646723078
3469,114291.399642612
3211,198851.367756365
5251,286530.148231337
4777,179892.913650389
3379,209526.628940428
5371,181110.780928503
151,183759.62441678
2137,70796.6529293873
1010,288975.420872771
201,184426.018545489
2542,269240.883780588
2710,204216.435565733
2420,25487.9898996108
1482,228448.635766147
1953,102917.857275445
1813,90942.5293918052
1380,120236.717842127
823,119629.104366997
4725,195062.104406914
3456,134641.45872678
4539,245857.491845537
184,126741.006138555
3254,286605.966373575
1075,377345.547644671
2842,246362.083206762
1913,180711.659133179
1613,205669.754591823
5657,321054.69891503
3165,254179.531148667
1699,322476.550141354
1241,125741.097765961
932,195021.933861542
4149,162217.93506743
452,286184.470624293
2480,272259.601786356
3158,268434.940525864
5782,273932.280114003
2325,144970.569013323
1107,150067.59028856
5232,162172.353346727
110,263686.351117028
4404,116682.956656076
401,27097.7235944122
2033,386986.899336654
4998,322732.037921529
1384,185333.797604239
3724,265440.920731083
3087,215512.904814147
4916,289094.713535494
5032,170826.11306294
4652,223541.87353982
2406,118089.885623072
4841,160246.695784199
4665,216167.425107966
839,175303.825243151
2884,91335.3680558752
5722,298700.376516884
4448,391219.624688302
1934,241031.288676934
2656,235674.632749967
3758,449762.943520642
749,235806.078551058
188,237648.819802814
5627,271872.800219353
4692,229687.247233032
218,41813.5501039
561,165953.482703052
1671,227299.986268398
4855,269189.471294421
2072,93779.1659357949
1739,1606.61278126191
4309,238994.535846517
1229,101159.602993113
482,270847.492791319
4763,185229.506497774
2442,200852.899235489
444,259144.82637416
5460,120124.086167821
5597,226995.483851725
1181,218484.811897452
138,172705.601252012
1273,101159.602993113
3033,242727.771790947
1361,135837.919492389
3386,365415.266261821
2933,243315.852760212
4963,168357.320135178
620,58412.9846857458
5430,277513.678729706
2241,215103.87916175
2069,201977.224877251
5797,295149.535920786
1332,103617.752470398
3916,426007.477649318
4005,187598.821826719
981,324353.000651363
3378,261912.966146856
42,208155.03926549
5433,267415.61123364
2252,162679.270130409
2290,196096.244267621
5849,270620.580080527
5372,286216.772600781
2256,192731.631434032
1680,107232.74438362
539,255669.082441702
3646,468614.472456611
1610,128357.985643583
3487,244929.334842624
603,228966.798288357
5773,131637.122718245
5502,304003.966150722
4366,114812.888148056
4036,210616.470905781
4526,271600.189442889
3778,276232.520441637
1519,351212.174455319
4097,255872.715905525
5095,77678.4057198484
4589,187687.655975059
2946,245246.767828661
15,74214.1255270908
779,219828.106948707
1636,51003.7810941493
3189,290008.604148466
4617,197520.253884198
5461,353280.140086848
302,261492.594723325
1582,333379.655305778
5574,182785.238803364
788,175891.906212416
845,288877.376180512
4887,309555.381279522
1314,119595.724072749
209,119251.115881005
3917,216603.277115635
5127,292507.162500404
5671,336012.822155537
2232,245609.646320531
424,252994.897153053
3492,135502.201162526
4834,210701.166965905
760,180808.205166985
4055,228653.554848101
1994,144415.868338305
1922,170208.830390869
5680,321974.825936633
5761,387473.211755483
4282,277988.127440771
4278,382510.27591758
2473,300702.912115544
4396,307538.833968302
3101,252613.282500198
4033,266611.402815967
3298,449577.759968982
5858,263322.189848968
4503,262113.602943836
4336,429371.013979562
2900,317116.504490026
1773,201818.486476914
4813,112217.045525797
2899,265617.218469627
2295,150098.178985068
4861,146452.612045775
5539,318185.957650766
2595,244071.308038474
816,183282.921799043
4485,362890.875330267
358,286363.720438682
4095,276065.14613264
1423,41065.3575847855
4093,242939.735136889
2618,248570.028260428
4878,173954.194782107
4497,240966.909603025
4915,326458.358122174
910,42455.7466827486
3168,142980.588813695
5085,355496.560768244
794,225973.480641919
5097,267417.294626308
2135,115955.42403147
1714,91750.3590274385
2199,189523.313152389
5010,247138.924021844
4624,180313.207543205
550,110278.761826898
2673,422570.942872161
738,177120.980951058
4844,417561.732548259
76,279260.047092399
2205,177232.565765965
3551,373655.753508408
3143,391170.966774255
5342,187004.699038738
2624,137913.819841687
3689,195349.870944369
2076,205398.979506252
5376,167889.437793195
3354,219065.852531022
4071,273436.169574861
1032,223803.111897148
3577,118370.498562831
2620,247340.953521786
154,265310.711481425
1288,124512.023027319
93,322261.42869321
1252,117137.574595465
947,8987.44321510538
5798,395700.199071954
282,255417.178646332
5616,288040.790097658
3832,242364.45417875
3310,272372.044321565
1872,170796.911360134
5131,264542.80204782
146,304468.970872739
1846,227483.954111086
3812,149138.492338294
2550,133953.93415928
2381,156296.465478392
4558,224770.948278463
257,132922.703246317
181,123969.565799752
2597,147250.831504656
2274,115671.31806877
2895,203681.26739658
5588,344729.529716463
4630,233374.471448959
5891,314962.23802193
3078,357895.644191515
590,165704.580270898
4635,237061.695664887
5593,352806.957360098
5538,304266.741883122
862,176283.997549639
3693,196578.945683011
4275,287611.498973113
5350,249976.364825226
3530,137372.269670546
3274,172056.914978558
1820,147131.772614191
2124,186263.3546147
3013,266355.404444773
4938,245480.891159742
5334,360075.580191728
3279,293748.741164506
481,-4314.51662450243
183,142366.843097086
3714,410564.67421612
4243,141166.094407399
2978,250288.998487059
2575,116378.555515389
3477,123211.453776102
4842,157791.962952836
5293,461179.786956383
4636,234603.546187602
2220,29551.8148013334
2675,289638.38546466
107,275981.654031347
1819,192610.31518238
1394,230083.836341765
3676,52838.7289484281
1827,340813.755739606
3375,155008.436120922
588,119971.984575272
1015,281942.212109044
1836,342930.665548764
225,173979.939307753
1334,102388.677731756
4980,251969.330928932
1969,233068.759275815
2429,149114.305007416
1300,109763.12616361
5030,176971.486756152
1951,242285.763774907
4781,141013.518789245
3182,142612.256510798
4499,236050.610648455
1954,177741.486886926
2001,188697.864270618
3678,182206.818771391
2786,229341.815130026
3972,239725.693647711
3559,166175.934368928
4947,242313.631152032
1641,170113.013364365
2784,178704.904048089
3946,239959.217501577
3737,245008.127136248
4988,306802.797589005
5783,341399.28779899
1004,218861.412583248
2504,189252.538066818
2157,244877.251293198
2574,126211.153424528
5871,382347.355649951
5034,224464.852900981
5839,240828.600843285
171,238034.349088895
289,61532.8829614547
3625,128821.659300161
585,250164.702517867
3508,226077.477551109
5250,290217.372447265
3428,129944.908438579
4492,110590.495762976
4527,130494.599122076
5419,199559.67024245
1496,170860.793334192
4225,327927.959433968
2043,312047.849137109
5637,305433.831179361
4387,229211.330385754
5000,288258.652383117
496,284485.629804822
3526,127223.140798414
409,340169.683448373
1014,279484.062631759
4698,218625.57458525
3980,132731.007250036
791,174662.831473773
3852,334199.024857573
1712,234230.407710537
4302,220003.847190675
4823,221513.194068216
808,113932.436482284
3653,272492.383425597
737,335136.715453677
927,369759.618929347
703,192700.028343211
118,115313.129829143
4327,61812.4708027314
5090,222349.959982726
4384,166794.300576716
5021,301607.36538221
5128,329184.361428874
1656,26670.5338401299
2733,244870.869291209
1266,108534.051424968
2208,230335.202311478
254,348151.356156136
1672,235903.509438895
2716,156025.690392821
5184,256060.308438483
4265,277778.901063973
1132,115478.817104621
717,108375.143758337
639,331242.472392193
4997,121567.388065896
1563,144098.562454611
1073,114977.198496009
4317,192409.635364337
2535,143900.232675017
3500,411687.923354537
5451,324257.242938266
3380,194146.549085265
5645,326201.399851998
3353,332622.83631361
2123,426838.524429768
3868,364397.842723627
5765,366957.465016865
1877,202782.465496154
3259,169627.426398273
5055,309853.20956584
2539,170114.401164561
1830,355562.652603315
1652,64281.0605523689
3083,173391.475134152
3675,348895.00892117
5816,195377.422423171
2956,259293.824362563
1329,154564.384330942
4935,232039.698546845
4377,254384.426479603
1562,300334.553390888
3053,315233.946693794
2825,203599.117532674
5885,252862.260893577
2536,155814.210109352
1797,96078.577012743
1915,292438.434702604
2684,79876.220383915
5243,305400.415198362
801,71200.5313852475
3538,395121.870782921
2660,81347.8377894043
383,363779.194721481
3990,92716.7991928653
2731,238725.495597997
1062,-12336.3408277232
5800,236243.295521849
58,270281.117794563
3434,271544.72987738
3203,170398.157487714
2455,17525.4604984912
2749,220097.298190151
3412,178625.079972416
4852,213885.43562224
374,101859.551381319
708,263855.752331483
1131,187848.499561328
3870,180053.037677196
1924,233656.84024508
2950,240857.703282927
1849,188776.805367589
3776,364985.923692892
136,89998.146563823
586,251620.786328832
1686,170622.968998862
126,-5347.72926088548
4978,185709.773999379
1236,289448.459557515
702,71788.6123545126
662,-20028.0951432718
5031,181365.106829782
1056,67974.8075093141
3694,125796.720912824
423,259140.270846265
5285,479115.873409514
1256,118366.649334107
3964,266035.256599994
5228,220242.460515901
864,127795.51516638
5737,278583.109481646
3245,397315.627176624
812,65252.2649484474
5397,237363.249930017
2248,115419.862485793
2354,79149.2434602043
3079,388659.904496858
5049,307203.057402461
3085,239054.736234983
1649,185492.536004575
2678,428716.316565374
5441,438457.88327877
5443,207714.487604447
5410,240784.760685464
3498,404313.474922683
2791,219018.245229554
1658,110668.906393094
5536,153074.030023018
5833,294238.469701659
3579,191311.996717981
3257,414686.833589045
95,206953.476967629
616,203926.264878421
2011,117224.080693095
5225,202183.109388354
1305,119595.724072749
3552,391598.806638421
5711,367493.868781404
4914,290762.852871544
2275,121816.691761982
24,140994.404836021
1249,106075.901947683
2377,198607.306545018
5007,339425.445443582
2941,242086.778021569
277,154272.68893931
897,154247.078447248
3748,197219.939452388
1024,243468.307715427
5393,121698.699208881
5670,297911.505257622
1185,225114.624587083
613,173317.464983078
4982,289586.690933014
5823,401309.03138876
4090,389036.711734501
2706,223143.528636701
701,97787.9546208036
1894,189391.240503972
3760,446075.719304715
2672,158113.961369573
1851,76267.9624990009
2402,410006.965591318
3351,348600.807915961
1803,185840.514874563
5352,247185.47984628
2822,245603.264318542
3098,411958.698440108
4330,197729.533296961
1036,196055.018968142
1814,97087.9030850172
1198,103617.752470398
3206,134008.733340301
32,56299.2781231909
1376,225296.579719372
3218,417568.903964168
5795,178702.236192335
3942,297728.189787375
2399,148808.419587521
4433,310977.23682687
2577,111462.256560819
2821,413081.947578526
1402,280186.897801533
262,288127.963346478
2783,137629.713878987
4496,356529.499310747
3377,202230.810020743
721,56450.4102823746
4280,311448.358003737
5704,368196.847993185
1373,127611.166273981
4453,357117.580280012
1840,290205.89451739
1729,186163.126256902
2701,202196.10043276
3334,101402.459274776
857,113787.01778682
919,86199.4483054806
2518,401279.048149213
3162,249263.232194097
2598,152167.130459226
1879,130202.139643749
54,186647.287379973
596,195297.341348593
3074,251972.288730821
2206,138865.170619618
5273,274066.556613056
997,212716.038890036
427,208003.088717117
1692,344106.827487294
2303,213661.697565527
5387,358784.520010683
3718,440062.467943537
2481,23082.7532224381
546,133745.116714459
5743,156344.285537209
4900,199777.532527909
4246,242116.824493363
2823,252298.230523176
1270,112221.275640895
659,-15111.7961887022
4431,424671.787896532
993,33719.1415716551
2360,108881.642547185
5296,282602.567288569
1800,81772.3424228356
2104,204886.956737283
4423,485656.569312258
3452,168343.776254777
4964,230259.576583733
325,188193.668002309
778,174662.831473773
34,361933.287472915
1593,162097.571163133
5133,174411.412172203
148,180072.400200853
128,-46367.6217389055
1751,215206.294823175
3752,138707.170009412
3512,413081.158164607
3075,244597.840298966
1576,320713.501792015
4251,240811.691554424
3965,146458.994047764
5062,124666.531312558
5777,287452.102239069
3650,212810.227299484
5762,208645.788965261
5591,341042.305500536
4028,138366.843187604
933,192563.784384257
1078,205500.157941539
3063,260366.58552452
2435,133402.389093388
5766,281306.728545857
1884,163065.487041675
3144,260227.421996423
4730,219854.649323893
4505,267046.469053178
